/*
Navicat MySQL Data Transfer

Source Server         : myLink
Source Server Version : 50721
Source Host           : localhost:3306
Source Database       : oa

Target Server Type    : MYSQL
Target Server Version : 50721
File Encoding         : 65001

Date: 2019-03-21 09:48:09
*/

SET FOREIGN_KEY_CHECKS=0;

-- ----------------------------
-- Table structure for claim_voucher
-- ----------------------------
DROP TABLE IF EXISTS `claim_voucher`;
CREATE TABLE `claim_voucher` (
  `id` int(11) NOT NULL AUTO_INCREMENT,
  `cause` varchar(100) DEFAULT NULL,
  `create_sn` char(5) DEFAULT NULL,
  `create_time` datetime DEFAULT NULL,
  `next_deal_sn` char(5) DEFAULT NULL,
  `total_amount` double DEFAULT NULL,
  `status` varchar(20) DEFAULT NULL,
  PRIMARY KEY (`id`),
  KEY `FK_Reference_2` (`next_deal_sn`),
  KEY `FK_Reference_3` (`create_sn`),
  CONSTRAINT `FK_Reference_2` FOREIGN KEY (`next_deal_sn`) REFERENCES `employee` (`sn`),
  CONSTRAINT `FK_Reference_3` FOREIGN KEY (`create_sn`) REFERENCES `employee` (`sn`)
) ENGINE=InnoDB AUTO_INCREMENT=3 DEFAULT CHARSET=utf8;

-- ----------------------------
-- Records of claim_voucher
-- ----------------------------
INSERT INTO `claim_voucher` VALUES ('1', '吃饭', '10004', '2019-03-16 15:48:27', null, '6000', '已打款');
INSERT INTO `claim_voucher` VALUES ('2', '吃', '10004', '2019-03-16 15:53:23', '10004', '3600', '已打回');

-- ----------------------------
-- Table structure for claim_voucher_item
-- ----------------------------
DROP TABLE IF EXISTS `claim_voucher_item`;
CREATE TABLE `claim_voucher_item` (
  `id` int(11) NOT NULL AUTO_INCREMENT,
  `claim_voucher_id` int(11) DEFAULT NULL,
  `item` varchar(20) DEFAULT NULL,
  `amount` double DEFAULT NULL,
  `comment` varchar(100) DEFAULT NULL,
  PRIMARY KEY (`id`),
  KEY `FK_Reference_4` (`claim_voucher_id`),
  CONSTRAINT `FK_Reference_4` FOREIGN KEY (`claim_voucher_id`) REFERENCES `claim_voucher` (`id`)
) ENGINE=InnoDB AUTO_INCREMENT=5 DEFAULT CHARSET=utf8;

-- ----------------------------
-- Records of claim_voucher_item
-- ----------------------------
INSERT INTO `claim_voucher_item` VALUES ('1', '1', '住宿', '3000', '就住了两晚');
INSERT INTO `claim_voucher_item` VALUES ('2', '1', '交通', '3000', '飞机');
INSERT INTO `claim_voucher_item` VALUES ('3', '2', '餐饮', '800', '吃');
INSERT INTO `claim_voucher_item` VALUES ('4', '2', '住宿', '2800', '住');

-- ----------------------------
-- Table structure for deal_record
-- ----------------------------
DROP TABLE IF EXISTS `deal_record`;
CREATE TABLE `deal_record` (
  `id` int(11) NOT NULL AUTO_INCREMENT,
  `claim_voucher_id` int(11) DEFAULT NULL,
  `deal_sn` char(5) DEFAULT NULL,
  `deal_time` datetime DEFAULT NULL,
  `deal_way` varchar(20) DEFAULT NULL,
  `deal_result` varchar(20) DEFAULT NULL,
  `comment` varchar(100) DEFAULT NULL,
  PRIMARY KEY (`id`),
  KEY `FK_Reference_5` (`claim_voucher_id`),
  KEY `FK_Reference_6` (`deal_sn`),
  CONSTRAINT `FK_Reference_5` FOREIGN KEY (`claim_voucher_id`) REFERENCES `claim_voucher` (`id`),
  CONSTRAINT `FK_Reference_6` FOREIGN KEY (`deal_sn`) REFERENCES `employee` (`sn`)
) ENGINE=InnoDB AUTO_INCREMENT=7 DEFAULT CHARSET=utf8;

-- ----------------------------
-- Records of deal_record
-- ----------------------------
INSERT INTO `deal_record` VALUES ('1', '2', '10004', '2019-03-16 19:28:43', '提交', '已提交', '无');
INSERT INTO `deal_record` VALUES ('2', '1', '10004', '2019-03-16 20:25:48', '提交', '已提交', '无');
INSERT INTO `deal_record` VALUES ('3', '2', '10003', '2019-03-16 20:26:23', '打回', '已打回', '');
INSERT INTO `deal_record` VALUES ('4', '1', '10003', '2019-03-16 20:26:33', '通过', '待复审', '');
INSERT INTO `deal_record` VALUES ('5', '1', '10001', '2019-03-16 20:27:09', '通过', '已审核', 'ok');
INSERT INTO `deal_record` VALUES ('6', '1', '10002', '2019-03-16 20:27:35', '打款', '已打款', 'ok');

-- ----------------------------
-- Table structure for department
-- ----------------------------
DROP TABLE IF EXISTS `department`;
CREATE TABLE `department` (
  `sn` char(5) NOT NULL,
  `name` varchar(20) DEFAULT NULL,
  `address` varchar(100) DEFAULT NULL,
  PRIMARY KEY (`sn`)
) ENGINE=InnoDB DEFAULT CHARSET=utf8;

-- ----------------------------
-- Records of department
-- ----------------------------
INSERT INTO `department` VALUES ('10001', '总经理办公室', '星星大厦E座1201');
INSERT INTO `department` VALUES ('10002', '财务部', '星星大厦E座1202');
INSERT INTO `department` VALUES ('10003', '事业部', '星星大厦E座1101');
INSERT INTO `department` VALUES ('10004', '人事部', '江西省南昌市');

-- ----------------------------
-- Table structure for employee
-- ----------------------------
DROP TABLE IF EXISTS `employee`;
CREATE TABLE `employee` (
  `sn` char(5) NOT NULL,
  `password` varchar(20) DEFAULT NULL,
  `name` varchar(20) DEFAULT NULL,
  `department_sn` char(5) DEFAULT NULL,
  `post` varchar(20) DEFAULT NULL,
  PRIMARY KEY (`sn`),
  KEY `FK_Reference_1` (`department_sn`),
  CONSTRAINT `FK_Reference_1` FOREIGN KEY (`department_sn`) REFERENCES `department` (`sn`)
) ENGINE=InnoDB DEFAULT CHARSET=utf8;

-- ----------------------------
-- Records of employee
-- ----------------------------
INSERT INTO `employee` VALUES ('10001', '123456', '刘备', '10001', '总经理');
INSERT INTO `employee` VALUES ('10002', '000000', '孙尚香', '10002', '财务');
INSERT INTO `employee` VALUES ('10003', '000000', '关羽', '10003', '部门经理');
INSERT INTO `employee` VALUES ('10004', '000000', '周仓', '10003', '员工');
